standard (mg/L)	measured (mg/L)
0	-0.1760088299
1	2.44034636
2	3.570834496
3	5.596097909
4	8.363240862
5	10.18232704
6	11.78839302
7	13.63874609
8	16.1315876
9	17.66667273
10	19.95632815
